<?xml version="1.0" encoding="UTF-8"?>
<window>
	<defaultcontrol>100</defaultcontrol>	
	<onload>SetFocus(100)</onload>



	<controls>
		<!-- Storage container for the item details -->
		<control type="list" id="10051">
			<top>-3000</top>
			<left>-3000</left>
			<width>1</width>
			<height>1</height>
			<itemlayout/>
			<focusedlayout/>
			<content>plugin://plugin.video.themoviedb.helper/?info=details&amp;type=movie&amp;query=$INFO[ListItem.Label]</content>
		</control>

		<!-- background -->
		<control type="group">
			<animation effect="fade" start="0" end="100" time="400">WindowOpen</animation>
			<animation effect="fade" start="100" end="0" time="300" condition="String.IsEmpty(Window(home).Property(script.embuary.info-nextcall))">WindowClose</animation>
			<animation effect="fade" start="100" end="0" time="0" condition="!String.IsEmpty(Window(home).Property(script.embuary.info-nextcall))">WindowClose</animation>
			<animation effect="fade" time="400">VisibleChange</animation>

			<control type="image">
				<width>100%</width>
				<height>1080</height>
				<aspectratio>scale</aspectratio>
				<texture>colors/black.png</texture>
			</control>

			<control type="image">
				<right>-2</right>
				<top>0</top>
				<width>1240</width>
				<height>750</height>
				<fadetime>550</fadetime>
				<texture background="true" diffuse="special://skin/media/new_bingie_spotlight_diffuse1.png">$VAR[ConerFanArtImage]</texture>
				<aspectratio scalediffuse="true" aligny="top" align="right">keep</aspectratio>
				<animation effect="fade" end="0" time="500">Hidden</animation>
				<animation effect="fade" start="0" end="100" time="1200">Visible</animation>
			</control>

		</control>

		<!-- 전체 리스트 -->
		<control type="grouplist" id="5000">
			<animation type="WindowOpen">
				<effect type="fade" start="0" end="100" time="300" easing="out" />
				<effect type="slide" start="0" end="0" time="400" easing="out" />
			</animation>
			<animation type="WindowCLose" condition="String.IsEmpty(Window(home).Property(script.embuary.info-nextcall))">
				<effect type="fade" start="100" end="0" time="300" easing="out" />
				<effect type="slide" start="0" end="320" time="300" easing="out" />
			</animation>
			<animation type="WindowCLose" condition="!String.IsEmpty(Window(home).Property(script.embuary.info-nextcall))">
				<effect type="fade" start="100" end="0" time="0"  easing="out" />
			</animation>

			<width>1920</width>
			<height>1080</height>
			<top>30</top>
			<orientation>vertical</orientation>
			<scrolltime tween="cubic" easing="out">500</scrolltime>
			
			<itemgap>-300</itemgap>
			<usecontrolcoords>true</usecontrolcoords>
			<!-- Meta -->
			<control type="group">
				<top>100</top>
				<left>50</left>
				<height>350</height>
				<visible>Integer.IsGreater(Container(50).NumItems,0) | Container(50).IsUpdating</visible>
				<!-- 년도/시간/등급 -->
				<control type="grouplist">
					<left>50</left>
					<itemgap>100</itemgap>
					<orientation>horizontal</orientation>
					
					<control type="label">
						<label>$INFO[ListItem.Year,[COLOR FFA0A0A0],[/COLOR]]</label>
						<font>font10</font>
						<shadowcolor>50000000</shadowcolor>
						<visible>!String.IsEmpty(ListItem.Year)</visible>
					</control>
					<control type="label">
						<label>$INFO[Container(10051).ListItem.Year,[COLOR FFA0A0A0],[/COLOR]]</label>
						<font>font10</font>
						<shadowcolor>50000000</shadowcolor>
						<visible>String.IsEmpty(ListItem.Year)</visible>
					</control>
					<control type="label">
						<!-- <label>$INFO[ListItem.Genre, [COLOR FFA0A0A0],[/COLOR]]   $INFO[ListItem.MPAA, [COLOR FFA0A0A0],[/COLOR]]</label> -->
						<width>200</width>
						<label>$INFO[ListItem.Genre,[COLOR FFA0A0A0],[/COLOR]]</label>
						<font>font10</font>
						<shadowcolor>50000000</shadowcolor>
					</control>
					<control type="label">
						<label>$INFO[ListItem.Duration,[COLOR FFA0A0A0],[/COLOR]]</label>
						<font>font10</font>
						<shadowcolor>50000000</shadowcolor>
					</control>
				</control>

				<control type="grouplist">
					<left>50</left>
					<top>50</top>
					<itemgap>50</itemgap>
					<!-- <visible>!Player.Playing</visible> -->
					<!-- <visible>Integer.IsGreater(Container(50).NumItems,0) | Container(50).IsUpdating</visible> -->
					<!-- 줄거리 -->
					<control type="textbox">
						<width>500</width>
						<height>117</height>						
						<align>justify</align>
						<aligny>top</aligny>
						<label fallback="19055">$INFO[ListItem.Plot]</label>
						<font>font10</font>
						<textcolor>ffffffff</textcolor>
						<shadowcolor>50000000</shadowcolor>
						<visible>!String.IsEqual(ListItem.DBType,season)</visible>
					</control>
					<!-- 감독 -->
					<control type="label">
						<right>150</right>
						<label>$LOCALIZE[31223]   $INFO[ListItem.Director,[COLOR FFA0A0A0],[/COLOR]]</label>
						<font>font10</font>
						<shadowcolor>50000000</shadowcolor>
						<visible>!String.IsEmpty(ListItem.Director) + Library.HasContent(movies)</visible>
					</control>
	
					<!-- 평점 -->
					<control type="label">
						<label>[COLOR FF12A0C7]TMDb[/COLOR][CR]$INFO[ListItem.Rating] / 10$INFO[ListItem.Votes, (,)]</label>
					    <right>150</right>
						<font>font10</font>
						<textcolor>ffffffff</textcolor>
						<shadowcolor>50000000</shadowcolor>
						<scroll>false</scroll>
						<align>left</align>
						<aligny>top</aligny>
						<visible>!String.IsEmpty(ListItem.Rating)</visible>
					</control>
					
				</control>
			</control>

			<!-- buttons 100 -->
			<control type="group">
				<top>300</top>
				<left>-550</left>
				<height>500</height>
				<control type="group">
					<left>650</left>
					<right>103</right>
					<control type="panel" id="100">
						<left>-21</left>
						<!-- <top>619</top> -->
						<height>130</height>
						<width>100%</width>
						<orientation>horizontal</orientation>
						<defaultcontrol always="true">0</defaultcontrol>
						<onright>noop</onright>
						<onleft>noop</onleft>
						<ondown condition="Integer.IsGreater(Container(10058).NumItems,0)">10058</ondown>
						<ondown>50</ondown>
						<itemlayout height="142" width="120">
							<control type="group">
								<width>262</width>
								<height>142</height>
								<control type="group">
									<control type="image">
										<width>140</width>
										<height>90</height>
										<texture border="21" colordiffuse="D0FFFFFF">buttons/button-nofo.png</texture>
									</control>
									<control type="image">
										<centerleft>27%</centerleft>
										<top>-49</top>
										<width>30</width>
										<texture>icons/$INFO[ListItem.Property(icon)].png</texture>
										<aspectratio>keep</aspectratio>
									</control>
									<control type="label">
										<centerleft>25%</centerleft>
										<top>25</top>
										<width>242</width>
										<height>142</height>
										<align>center</align>
										<aligny>center</aligny>
										<font>font8</font>
										<textcolor>ffffffff</textcolor>
										<shadowcolor>50000000</shadowcolor>
										<label>$INFO[ListItem.Label]</label>
									</control>
								</control>
							</control>
						</itemlayout>
						<focusedlayout height="142" width="120">
							<control type="group">
								<width>262</width>
								<height>142</height>
								<control type="group">
									<control type="image">
										<width>140</width>
										<height>90</height>
										<texture border="21" colordiffuse="FF12A0C7">buttons/button-fo.png</texture>
										<visible>Control.HasFocus(100)</visible>
									</control>
									<control type="image">
										<width>140</width>
										<height>90</height>
										<texture border="21" colordiffuse="D0FFFFFF">buttons/button-nofo.png</texture>
										<visible>!Control.HasFocus(100)</visible>
									</control>
									<control type="image">
										<centerleft>27%</centerleft>
										<top>-49</top>
										<width>30</width>
										<texture>icons/$INFO[ListItem.Property(icon)].png</texture>
										<aspectratio>keep</aspectratio>
									</control>
									<control type="label">
										<centerleft>25%</centerleft>
										<top>25</top>
										<width>242</width>
										<height>142</height>
										<align>center</align>
										<aligny>center</aligny>
										<font>font8</font>
										<textcolor>ffffffff</textcolor>
										<shadowcolor>50000000</shadowcolor>
										<label>$INFO[ListItem.Label]</label>
									</control>
								</control>
							</control>
						</focusedlayout>
						<content>
							<item>
								<!-- <visible>!String.IsEmpty(ListItem.DBID) + !String.IsEmpty(ListItem.Property(file)) + !String.IsEqual(ListItem.Property(call),tv)</visible> -->
								<property name="icon">play</property>
								<label>$LOCALIZE[208]</label>
								<!-- <onclick>PlayMedia($INFO[ListItem.Property(file)])</onclick> -->
								<onclick>PlayMedia($INFO[ListItem.FileNameAndPath])</onclick>
								<visible>String.IsEmpty(ListItem.Season)</visible>
								<onclick>Dialog.Close(all)</onclick>
							</item>
							<item>
								<property name="icon">disable</property>
								<label>$LOCALIZE[15067]</label>
								<onclick>Dialog.Close(all)</onclick>
							</item>
							
							<item>
								<visible>!String.IsEmpty(ListItem.DBID) + String.IsEqual(ListItem.Property(call),tv)</visible>
								<property name="icon">browse</property>
								<label>$LOCALIZE[1024]</label>
								<onclick>Dialog.Close(all)</onclick>
								<onclick condition="!Window.IsVisible(MyVideoNav.xml)">ActivateWindow(videos,videodb://tvshows/titles/$INFO[ListItem.DBID]/,return)</onclick>
								<onclick condition="Window.IsVisible(MyVideoNav.xml)">Container.Update(videodb://tvshows/titles/$INFO[ListItem.DBID]/)</onclick>
							</item>
							<item>
								<visible>!String.IsEmpty(ListItem.Plot)</visible>
								<property name="icon">plot</property>
								<label>$LOCALIZE[207]</label>
								<onclick>RunScript(script.embuary.info,call=textviewer,header='$ESCINFO[ListItem.Label]',message='$ESCINFO[ListItem.Plot]')</onclick>
							</item>
						</content>
					</control>
				</control>
			</control>

			<!-- seasons 10058 -->
			<control type="group">
				<!-- <visible>true</visible> -->
				<visible>Integer.IsGreater(Container(10058).NumItems,0) | Container(10058).IsUpdating</visible>
				<!-- <visible>Container(10051).ListItem.Season</visible> -->
				<!-- <visible>!Player.Playing</visible> -->
				<top>0</top>
				<height>900</height>
				<control type="group">
					<control type="label">
						<left>100</left>
						<top>-50</top>
						<width>900</width>
						<align>left</align>
						<label>$LOCALIZE[33054]</label>
						<textcolor>ffffffff</textcolor>
						<shadowcolor>50000000</shadowcolor>
						<font>font10</font>
					</control>
					<control type="panel" id="10058">
						<movement>6</movement>
						<!-- <top>0</top> -->
						<width>100%</width>
						<ondown condition="Integer.IsGreater(Container(50).NumItems,0)">50</ondown>
						
						<ondown>10054</ondown>
						<onup>100</onup>
						<scrolltime tween="cubic" easing="out">500</scrolltime>
						<orientation>horizontal</orientation>
						<onleft>9000</onleft>
						<onright>noop</onright>
						<preloaditems>2</preloaditems>
						<itemlayout width="293" height="561">
							<control type="group">
								<left>68</left>
								<top>10</top>
								<!-- KM 전에 시즌 포스터 보이는거 방지 -->
								<visible>!Container(10058).IsUpdating</visible>
								<control type="image">
									<left>15</left>
									<top>-10</top>
									<width>290</width>
									<height>475</height>
									<texture>dialogs/dialog-bg-nobo.png</texture>
									<bordertexture border="21">overlays/shadow.png</bordertexture>
									
									<bordersize>20</bordersize>
								</control>
								<control type="image">
									<left>15</left>
									<top>-10</top>
									<width>290</width>
									<height>400</height>
									<texture fallback="DefaultVideo.png" background="true">$VAR[InfoDialogPosterVar]</texture>
									
									<aspectratio>scale</aspectratio>
									<bordersize>20</bordersize>
								</control>
								<control type="group">
									<top>10</top>
									<left>35</left>
									<width>250</width>
									<control type="group">
										<visible>!String.IsEmpty(ListItem.DBID)</visible>
										<control type="image">
											<left>0</left>
											<top>0</top>
											<width>80</width>
											<height>80</height>
											<texture flipy="true">overlays/overlay-bg.png</texture>
										</control>
										<control type="image">
											<left>5</left>
											<top>5</top>
											<width>32</width>
											<height>32</height>
											<texture>icons/OverlayLocal.png</texture>
										</control>
									</control>
									<control type="group">
										<visible>Integer.IsGreater(ListItem.Playcount,0)</visible>
										<control type="image">
											<right>0</right>
											<top>0</top>
											<width>80</width>
											<height>80</height>
											<texture flipy="true" flipx="true">overlays/overlay-bg.png</texture>
										</control>
										<control type="image">
											<right>5</right>
											<top>5</top>
											<width>32</width>
											<height>32</height>
											<texture>icons/OverlayWatched.png</texture>
										</control>
									</control>
								</control>
								<control type="group">
									<left>29</left>
									<top>375</top>
									<control type="label">
										<width>260</width>
										<label>$LOCALIZE[20373] $INFO[ListItem.Season]</label>
										<font>font10</font>
										<shadowcolor>50000000</shadowcolor>
										<textoffsetx>10</textoffsetx>
										<scroll>false</scroll>
										<align>center</align>
									</control>
									<control type="label">
										<top>28</top>
										<width>260</width>
										<label>$INFO[ListItem.year]</label>
										<font>font12</font>
										<shadowcolor>50000000</shadowcolor>
										<textoffsetx>10</textoffsetx>
										<scroll>false</scroll>
										<align>center</align>
									</control>
								</control>
							</control>
						</itemlayout>
						<focusedlayout width="293" height="561">
							<control type="group">
								<left>68</left>
								<top>10</top>
								<animation type="Focus">
									<effect type="zoom" start="100" end="110" time="200" tween="sine" easing="inout" center="230,65" />
								</animation>
								<animation type="Unfocus">
									<effect type="zoom" start="110" end="100" time="200" tween="sine" easing="inout" center="230,65" />
								</animation>
								<control type="image">
									<left>15</left>
									<top>-10</top>
									<width>290</width>
									<height>475</height>
									<texture>dialogs/dialog-bg-nobo.png</texture>
									<bordertexture border="21">overlays/shadow.png</bordertexture>
									<bordersize>20</bordersize>
								</control>
								<control type="image">
									<left>11</left>
									<top>-14</top>
									<width>297</width>
									<height>478</height>
									<texture colordiffuse="button_focus">colors/grey.png</texture>
									<bordertexture border="21">overlays/shadow.png</bordertexture>
									<bordersize>20</bordersize>
									<animation effect="fade" start="0" end="100" time="200" tween="sine">Focus</animation>
									<animation effect="fade" start="100" end="0" time="0">UnFocus</animation>
								</control>
								<control type="image">
									<left>15</left>
									<top>-10</top>
									<width>290</width>
									<height>400</height>
									<texture fallback="DefaultVideo.png" background="true">$VAR[InfoDialogPosterVar]</texture>
									<aspectratio>scale</aspectratio>
									<bordersize>20</bordersize>
								</control>
								<control type="group">
									<top>10</top>
									<left>35</left>
									<width>250</width>
									<control type="group">
										<visible>!String.IsEmpty(ListItem.DBID)</visible>
										<control type="image">
											<left>0</left>
											<top>0</top>
											<width>80</width>
											<height>80</height>
											<texture flipy="true">overlays/overlay-bg.png</texture>
										</control>
										<control type="image">
											<left>5</left>
											<top>5</top>
											<width>32</width>
											<height>32</height>
											<texture>icons/OverlayLocal.png</texture>
										</control>
									</control>
									<control type="group">
										<visible>Integer.IsGreater(ListItem.Playcount,0)</visible>
										<control type="image">
											<right>0</right>
											<top>0</top>
											<width>80</width>
											<height>80</height>
											<texture flipy="true" flipx="true">overlays/overlay-bg.png</texture>
										</control>
										<control type="image">
											<right>5</right>
											<top>5</top>
											<width>32</width>
											<height>32</height>
											<texture>icons/OverlayWatched.png</texture>
										</control>
									</control>
								</control>
								<control type="group">
									<left>29</left>
									<top>375</top>
									<control type="label">
										<width>260</width>
										<label>$LOCALIZE[20373] $INFO[ListItem.Season]</label>
										<font>font10</font>
										<shadowcolor>50000000</shadowcolor>
										<textoffsetx>10</textoffsetx>
										<scroll>true</scroll>
										<align>center</align>
									</control>
									<control type="label">
										<top>28</top>
										<width>260</width>
										<label>$INFO[ListItem.Year]</label>
										<font>font12</font>
										<shadowcolor>50000000</shadowcolor>
										<textoffsetx>10</textoffsetx>
										<scroll>true</scroll>
										<align>center</align>
									</control>
								</control>
							</control>
						</focusedlayout>
						<content target="video" limit="6">plugin://script.embuary.helper/?info=getseasons&amp;title=$INFO[ListItem.TVShowTitle]&amp;allseasons=trues</content>
						<!-- <content target="video" limit="6">videodb://tvshows/titles/$INFO[ListItem.Label]</content> -->
						<!-- <content limit="10" target="videos">$INFO[ListItem.DBID,videodb://tvshows/titles/]</content> -->
						<!-- <onclick>RunScript(script.embuary.helper,action=goto,path='library://video/tvshows/$INFO[ListItem.DBID]',target=videos)</onclick> -->
					</control>
				</control>
			</control>

			<!-- cast 50 -->
			<control type="group">
				<visible>true</visible>
				<visible>Integer.IsGreater(Container(50).NumItems,0) | Container(50).IsUpdating</visible>				
			
				<!-- <top>50</top> -->
				<left>0</left>
				<height>715</height>
				<control type="group">
					<control type="label">
						<left>100</left>
						<top>-50</top>
						<width>900</width>
						<height>90</height>
						<align>left</align>
						<label>$LOCALIZE[206]</label>
						<textcolor>ffffffff</textcolor>
						<shadowcolor>50000000</shadowcolor>
						<font>font10</font>
					</control>
					<control type="panel" id="50">
						<movement>6</movement>
						<left>80</left>
						<!-- <top>115</top> -->
						<width>100%</width>
						<ondown>10054</ondown>
						<onup>100</onup>
						<scrolltime tween="cubic" easing="out">500</scrolltime>
						<orientation>horizontal</orientation>
						<onleft>9000</onleft>
						<onright>noop</onright>
						<preloaditems>2</preloaditems>
						<itemlayout width="200" height="561">
							<control type="group">
								<left>-10</left>
								<top>10</top>
								<control type="image">
									<left>15</left>
									<top>-10</top>
									<width>200</width>
									<height>250</height>
									<texture>dialogs/dialog-bg-nobo.png</texture>
									<bordertexture border="21">overlays/shadow.png</bordertexture>
									<bordersize>20</bordersize>
								</control>
								<control type="image">
									<left>15</left>
									<top>-10</top>
									<width>200</width>
									<height>250</height>
									<texture background="true">$INFO[ListItem.Icon]</texture>
									<aspectratio>scale</aspectratio>
									<bordersize>20</bordersize>
								</control>
								<control type="group">
									<left>20</left>
									<top>230</top>
									<control type="label">
										<width>185</width>
										<label>$INFO[ListItem.Label]</label>
										<font>font9</font>
										<shadowcolor>50000000</shadowcolor>
										<textoffsetx>10</textoffsetx>
										<scroll>false</scroll>
										<align>center</align>
									</control>
									<control type="label">
										<top>28</top>
										<width>185</width>
										<label>$INFO[ListItem.Label2]</label>
										<font>font6</font>
										<shadowcolor>50000000</shadowcolor>
										<textoffsetx>10</textoffsetx>
										<scroll>false</scroll>
										<align>center</align>
									</control>
								</control>
							</control>
						</itemlayout>
						<focusedlayout width="200" height="561">
							<control type="group">
								<left>-10</left>
								<top>10</top>
								<animation type="Focus">
									<effect type="zoom" start="100" end="110" time="200" tween="sine" easing="inout" center="230,65" />
								</animation>
								<animation type="Unfocus">
									<effect type="zoom" start="110" end="100" time="200" tween="sine" easing="inout" center="230,65" />
								</animation>
								<control type="image">
									<left>15</left>
									<top>-10</top>
									<width>200</width>
									<height>250</height>
									<texture>dialogs/dialog-bg-nobo.png</texture>
									<bordertexture border="21">overlays/shadow.png</bordertexture>
									<bordersize>20</bordersize>
								</control>
								<control type="image">
									<left>10</left>
									<top>-14</top>
									<width>210</width>
									<height>260</height>
									<texture colordiffuse="button_focus">colors/grey.png</texture>
									<bordertexture border="21">overlays/shadow.png</bordertexture>
									<bordersize>20</bordersize>
									<animation effect="fade" start="0" end="100" time="200" tween="sine">Focus</animation>
									<animation effect="fade" start="100" end="0" time="0">UnFocus</animation>
								</control>
								<control type="image">
									<left>15</left>
									<top>-10</top>
									<width>200</width>
									<height>250</height>
									<texture background="true">$INFO[ListItem.Icon]</texture>
									<aspectratio>scale</aspectratio>
									<bordersize>20</bordersize>
								</control>
								<control type="group">
									<left>20</left>
									<top>230</top>
									<control type="label">
										<width>190</width>
										<label>$INFO[ListItem.Label]</label>
										<font>font10</font>
										<shadowcolor>50000000</shadowcolor>
										<textoffsetx>10</textoffsetx>
										<scroll>true</scroll>
										<align>center</align>
									</control>
									<control type="label">
										<top>28</top>
										<width>190</width>
										<label>$INFO[ListItem.Label2]</label>
										<font>font10</font>
										<shadowcolor>50000000</shadowcolor>
										<textoffsetx>10</textoffsetx>
										<scroll>true</scroll>
										<align>center</align>
									</control>
								</control>
							</control>
						</focusedlayout>
					</control>
				</control>
			</control>

			<!-- videos 10054 -->
			<control type="group">
				<visible>true</visible>
				<visible>Integer.IsGreater(Container(10054).NumItems,0) | Container(10054).IsUpdating</visible>
				
				<!-- <top>-100</top> -->
				<height>643</height>
				<control type="group">
					<control type="label">
						<left>100</left>
						<top>-50</top>
						<width>900</width>
						<height>90</height>
						<align>left</align>
						<label>$LOCALIZE[3]</label>
						<textcolor>ffffffff</textcolor>
						<shadowcolor>50000000</shadowcolor>
						<font>font10</font>
						
					</control>
					<control type="panel" id="10054">
						<movement>6</movement>
						<!-- <top>130</top> -->
						<width>100%</width>
						<ondown>100</ondown>
						<onup>50</onup>
						<onback>stop</onback>
						<scrolltime tween="cubic" easing="out">500</scrolltime>
						<orientation>horizontal</orientation>
						<onleft>9000</onleft>
						<onright>noop</onright>
						<preloaditems>2</preloaditems>
						<!-- <visible>!Container(10054).IsUpdating</visible> -->
						<itemlayout width="586" height="489">
							<control type="group">
								<left>68</left>
								<top>10</top>
								<control type="image">
									<left>15</left>
									<top>-10</top>
									<width>583</width>
									<height>403</height>
									<texture>dialogs/dialog-bg-nobo.png</texture>
									<bordertexture border="21">overlays/shadow.png</bordertexture>
									<bordersize>20</bordersize>
								</control>
								<control type="image">
									<left>15</left>
									<top>-10</top>
									<width>583</width>
									<height>328</height>
									<texture background="true">$INFO[ListItem.Icon]</texture>
									<visible>!Container(10054).IsUpdating</visible>
									<aspectratio>scale</aspectratio>
									<bordersize>20</bordersize>
								</control>
								<control type="image">
									<left>15</left>
									<top>-10</top>
									<width>583</width>
									<height>328</height>
									<texture background="true">special://skin/media/YouTube_logo.png</texture>
									<aspectratio>keep</aspectratio>
									<visible>Container(10054).IsUpdating</visible>
									<bordersize>20</bordersize>
								</control>
								<control type="group">
									<left>40</left>
									<top>303</top>
									<control type="label">
										<width>500</width>
										<label>$INFO[ListItem.Label]</label>
										<font>font10</font>
										<shadowcolor>50000000</shadowcolor>
										<textoffsetx>10</textoffsetx>
										<scroll>false</scroll>
										<align>center</align>
										<visible>!Container(10054).IsUpdating</visible>
									</control>
									
								</control>
							</control>
						</itemlayout>
						<focusedlayout width="586" height="489">
							<control type="group">
								<left>68</left>
								<top>10</top>
								<animation type="Focus">
									<effect type="zoom" start="100" end="110" time="200" tween="sine" easing="inout" center="366,65" />
								</animation>
								<animation type="Unfocus">
									<effect type="zoom" start="110" end="100" time="200" tween="sine" easing="inout" center="366,65" />
								</animation>

								<control type="image">
									<left>10</left>
									<top>-15</top>
									<width>593</width>
									<height>410</height>
									<texture colordiffuse="button_focus">colors/grey.png</texture>
									<bordertexture border="21">overlays/shadow.png</bordertexture>
									<bordersize>20</bordersize>
									<animation effect="fade" start="0" end="100" time="200" tween="sine">Focus</animation>
									<animation effect="fade" start="100" end="0" time="0">UnFocus</animation>
								</control>
								<control type="image">
									<left>15</left>
									<top>-10</top>
									<width>583</width>
									<height>328</height>
									<texture background="true">$INFO[ListItem.Icon]</texture>
									<aspectratio>scale</aspectratio>
									<bordersize>20</bordersize>
								</control>
								<control type="image">
									<left>15</left>
									<top>-10</top>
									<width>583</width>
									<height>328</height>
									<texture background="true">special://skin/media/YouTube_logo.png</texture>
									<aspectratio>keep</aspectratio>
									<visible>Container(10054).IsUpdating</visible>
									<bordersize>20</bordersize>
								</control>
								<control type="group">
									<left>40</left>
									<top>303</top>
									<control type="label">
										<width>500</width>
										<label>$INFO[ListItem.Label]</label>
										<font>font10</font>
										<shadowcolor>50000000</shadowcolor>
										<textoffsetx>10</textoffsetx>
										<scroll>true</scroll>
										<align>center</align>
									</control>
									<!-- <control type="button">
										<visible allowhiddenfocus="true">false</visible>
										<onunfocus condition="Control.HasFocus(20054)">stop</onunfocus>
									</control> -->
								</control>
							</control>
						</focusedlayout>
						<content target="video" limit="6" cache="true">$VAR[youtubevideo]</content>
						<onclick>Fullscreen</onclick>
						<onclick>PlayMedia($INFO[ListItem.FileNameAndPath])</onclick>
						
					</control>
				</control>
			</control>

			
		</control>

		<!-- title -->
		<control type="group">
			
			<control type="image">
				<left>0</left>
				<top>0</top>
				<width>110%</width>
				<height>170</height>
				<texture>frame/InfoBar.png</texture>
			</control>
			<control type="group">
				<top>50</top>
				<left>95</left>
				<right>35</right>
				<height>100</height>
				<animation effect="fade" start="0" end="100" time="300">WindowOpen</animation>
				<animation effect="fade" start="100" end="0" time="200" condition="String.IsEmpty(Window(home).Property(script.embuary.info-nextcall))">WindowClose</animation>
				<animation effect="fade" start="100" end="0" time="0" condition="!String.IsEmpty(Window(home).Property(script.embuary.info-nextcall))">WindowClose</animation>
				<control type="label">
					<left>0</left>
					<right>150</right>
					<label>$INFO[ListItem.Label]$INFO[ListItem.Year, ([COLOR FFA0A0A0],[/COLOR])]</label>
					<font>font45</font>
					<shadowcolor>50000000</shadowcolor>
					<height>100</height>
				</control>

			</control>
		</control>

	</controls>
</window>